{"cameraMode":{"drawMode":0,"name":"Shaded","section":"Shading Mode"},"sceneLighting":false,"audioPlay":false,"sceneViewState":{"m_AlwaysRefresh":false,"showFog":true,"showSkybox":false,"showFlares":true,"showImageEffects":true,"showParticleSystems":true,"showVisualEffectGraphs":true,"m_FxEnabled":true},"in2DMode":false,"pivot":{"x":-5.771679401397705,"y":0.5381550192832947,"z":1.5902684926986695},"rotation":{"x":0.07245267927646637,"y":-0.35730671882629397,"z":0.027066610753536226,"w":0.9310956001281738},"size":0.20531614124774934,"orthographic":false}