{"cameraMode":{"drawMode":0,"name":"Shaded","section":"Shading Mode"},"sceneLighting":false,"audioPlay":false,"sceneViewState":{"m_AlwaysRefresh":false,"showFog":true,"showSkybox":false,"showFlares":true,"showImageEffects":true,"showParticleSystems":true,"showVisualEffectGraphs":true,"m_FxEnabled":true},"in2DMode":false,"pivot":{"x":-0.0000010039657354354859,"y":2.3748725652694703e-8,"z":-0.09540003538131714},"rotation":{"x":-0.10473962873220444,"y":0.721639096736908,"z":-0.11201337724924088,"w":-0.6757171154022217},"size":0.07723590731620789,"orthographic":false}